{"file": "./TRAIN/DR4/MMDM0/SI681.WAV", "text": "Would such an act of refusal be useful?"}
{"file": "./TRAIN/DR4/MMDM0/SA2.WAV", "text": "Don't ask me to carry an oily rag like that."}
{"file": "./TRAIN/DR4/MMDM0/SX411.WAV", "text": "Butterscotch fudge goes well with vanilla ice cream."}
{"file": "./TRAIN/DR4/MMDM0/SA1.WAV", "text": "She had your dark suit in greasy wash water all year."}
{"file": "./TRAIN/DR4/MMDM0/SX231.WAV", "text": "I honor my mom."}
{"file": "./TRAIN/DR4/MMDM0/SX51.WAV", "text": "Ambidextrous pickpockets accomplish more."}
{"file": "./TRAIN/DR4/MMDM0/SX141.WAV", "text": "Pledge to participate in Nevada's aquatic competition."}
{"file": "./TRAIN/DR4/MMDM0/SI1941.WAV", "text": "We'll talk over at your office."}
{"file": "./TRAIN/DR4/MMDM0/SI1311.WAV", "text": "Soil redeposition is evaluated by washing clean swatches with the dirty ones."}
{"file": "./TRAIN/DR4/MMDM0/SX321.WAV", "text": "The groundhog clearly saw his shadow, but stayed out only a moment."}
{"file": "./TRAIN/DR4/MCSS0/SX300.WAV", "text": "Amoebas change shape constantly."}
{"file": "./TRAIN/DR4/MCSS0/SX210.WAV", "text": "Jeff's toy go-cart never worked!"}
{"file": "./TRAIN/DR4/MCSS0/SI750.WAV", "text": "Add a few caraway seeds, too, if you'd like."}
{"file": "./TRAIN/DR4/MCSS0/SI1380.WAV", "text": "There is little doubt that the students benefit from vocational education."}
{"file": "./TRAIN/DR4/MCSS0/SA2.WAV", "text": "Don't ask me to carry an oily rag like that."}
{"file": "./TRAIN/DR4/MCSS0/SA1.WAV", "text": "She had your dark suit in greasy wash water all year."}
{"file": "./TRAIN/DR4/MCSS0/SX390.WAV", "text": "He picked up nine pairs of socks for each brother."}
{"file": "./TRAIN/DR4/MCSS0/SX30.WAV", "text": "Get a calico cat to keep."}
{"file": "./TRAIN/DR4/MCSS0/SI688.WAV", "text": "The dead spirits occupied a prominent place in every hope and in every fear."}
{"file": "./TRAIN/DR4/MCSS0/SX120.WAV", "text": "The coyote, bobcat, and hyena are wild animals."}
{"file": "./TRAIN/DR4/MCDR0/SI524.WAV", "text": "Within a system, however, the autonomy of each member library is preserved."}
{"file": "./TRAIN/DR4/MCDR0/SX164.WAV", "text": "Curiosity and mediocrity seldom coexist."}
{"file": "./TRAIN/DR4/MCDR0/SI1784.WAV", "text": "There was a grunt, curiously inarticulate, like that of an animal in pain."}
{"file": "./TRAIN/DR4/MCDR0/SA2.WAV", "text": "Don't ask me to carry an oily rag like that."}
{"file": "./TRAIN/DR4/MCDR0/SI1154.WAV", "text": "Only incomplete, imperfect things move towards what they lack."}
{"file": "./TRAIN/DR4/MCDR0/SX74.WAV", "text": "An official deadline cannot be postponed."}
{"file": "./TRAIN/DR4/MCDR0/SA1.WAV", "text": "She had your dark suit in greasy wash water all year."}
{"file": "./TRAIN/DR4/MCDR0/SX344.WAV", "text": "I know I didn't meet her early enough."}
{"file": "./TRAIN/DR4/MCDR0/SX434.WAV", "text": "Each stag surely finds a big fawn."}
{"file": "./TRAIN/DR4/MCDR0/SX254.WAV", "text": "Do they allow atheists in church?"}
{"file": "./TRAIN/DR4/MLEL0/SI1246.WAV", "text": "He was, thus, an early and spectacular victim."}
{"file": "./TRAIN/DR4/MLEL0/SI1876.WAV", "text": "A voice spoke near-at-hand."}
{"file": "./TRAIN/DR4/MLEL0/SX166.WAV", "text": "Biologists use radioactive isotopes to study microorganisms."}
{"file": "./TRAIN/DR4/MLEL0/SA2.WAV", "text": "Don't ask me to carry an oily rag like that."}
{"file": "./TRAIN/DR4/MLEL0/SX76.WAV", "text": "Gently place Jim's foam sculpture in the box."}
{"file": "./TRAIN/DR4/MLEL0/SA1.WAV", "text": "She had your dark suit in greasy wash water all year."}
{"file": "./TRAIN/DR4/MLEL0/SX436.WAV", "text": "Please sing just the club theme."}
{"file": "./TRAIN/DR4/MLEL0/SX346.WAV", "text": "The barracuda recoiled from the serpent's poisonous fangs."}
{"file": "./TRAIN/DR4/MLEL0/SI616.WAV", "text": "He injected more vitality into the score than it has revealed in many years."}
{"file": "./TRAIN/DR4/MLEL0/SX256.WAV", "text": "The irate actor stomped away idiotically."}
{"file": "./TRAIN/DR4/FEEH0/SX302.WAV", "text": "Tofu is made from processed soybeans."}
{"file": "./TRAIN/DR4/FEEH0/SI1742.WAV", "text": "With her sharp tongue she'd have cut his pompousness to ribbons."}
{"file": "./TRAIN/DR4/FEEH0/SX212.WAV", "text": "I gave them several choices and let them set the priorities."}
{"file": "./TRAIN/DR4/FEEH0/SA2.WAV", "text": "Don't ask me to carry an oily rag like that."}
{"file": "./TRAIN/DR4/FEEH0/SA1.WAV", "text": "She had your dark suit in greasy wash water all year."}
{"file": "./TRAIN/DR4/FEEH0/SX392.WAV", "text": "A young mouse scampered across the field and disappeared."}
{"file": "./TRAIN/DR4/FEEH0/SI471.WAV", "text": "Suddenly my reflexes are gone."}
{"file": "./TRAIN/DR4/FEEH0/SX32.WAV", "text": "It's fun to roast marshmallows on a gas burner."}
{"file": "./TRAIN/DR4/FEEH0/SI1112.WAV", "text": "He will say that our country is even now a homogeneous community."}
{"file": "./TRAIN/DR4/FEEH0/SX122.WAV", "text": "Encyclopedias seldom present anecdotal evidence."}